filename,width,height,class,xmin,ymin,xmax,ymax
0a836954ceeac15f_jpg.rf.7f4bcc9a1e1d2db7dabcd6676a2ac8af.jpg,416,416,carro,303.0,220.5,416.0,386.5
0a836954ceeac15f_jpg.rf.7f4bcc9a1e1d2db7dabcd6676a2ac8af.jpg,416,416,carro,6.0,235.5,250.0,351.5
1f133e6ee29e99d0_jpg.rf.c3edd22ab67ab12d42c66fc9e14c0a1f.jpg,416,416,carro,122.0,3.5,346.0,299.5
0c50d905a9db3118_jpg.rf.G8X5TeUEj7ElWy0jRCa4.jpg,416,416,carro,71.0,195.5,166.0,295.5
0c50d905a9db3118_jpg.rf.G8X5TeUEj7ElWy0jRCa4.jpg,416,416,carro,19.0,205.5,49.0,238.5
0c50d905a9db3118_jpg.rf.G8X5TeUEj7ElWy0jRCa4.jpg,416,416,carro,0.0,214.5,26.0,250.5
0c50d905a9db3118_jpg.rf.G8X5TeUEj7ElWy0jRCa4.jpg,416,416,carro,64.0,208.5,89.0,238.5
1d3c0507e127f1ea_jpg.rf.mxR70OXDtPlULcqPgWrn.jpg,416,416,moto,117.0,187.5,359.0,415.5
1d3c0507e127f1ea_jpg.rf.2c6a1e3b13c7582a2072e3204c8f010d.jpg,416,416,moto,117.0,192.5,353.0,416.0
0b5890eed288c58e_jpg.rf.h0r4biPTv00KA6fVUWwt.jpg,416,416,carro,0.0,29.5,340.0,384.5
0b5890eed288c58e_jpg.rf.f328eddd47ca0245af243fe116dd26f8.jpg,416,416,carro,2.0,30.5,321.0,406.5
0c535fcdfa.jpg,1138,635,moto,571.0,244.0,717.0,428.0
0c535fcdfa.jpg,1138,635,moto,515.0,260.0,557.0,313.0
0c535fcdfa.jpg,1138,635,moto,494.0,261.0,514.0,295.0
0a836954ceeac15f_jpg.rf.RZ21tOD71ejVAsXWFSr1.jpg,416,416,carro,304.0,222.5,416.0,390.5
0a836954ceeac15f_jpg.rf.RZ21tOD71ejVAsXWFSr1.jpg,416,416,carro,14.0,233.5,239.0,350.5
0c50d905a9db3118_jpg.rf.42b17615f7055ea54f5c6eb706c91f9c.jpg,416,416,carro,78.0,195.5,159.0,300.5
0c50d905a9db3118_jpg.rf.42b17615f7055ea54f5c6eb706c91f9c.jpg,416,416,carro,66.0,209.5,89.0,242.5
0c50d905a9db3118_jpg.rf.42b17615f7055ea54f5c6eb706c91f9c.jpg,416,416,carro,18.0,207.5,48.0,239.5
0c50d905a9db3118_jpg.rf.42b17615f7055ea54f5c6eb706c91f9c.jpg,416,416,carro,0.0,210.5,20.0,252.5
2c3ae2799b.jpg,1280,600,moto,310.0,50.5,776.0,555.5
2b37a718bc.jpg,1024,768,carro,477.0,373.5,910.0,636.5
2ddd5c87ecbc6060_jpg.rf.34b347e8629726c7485bbec07d2e4a55.jpg,416,416,moto,51.0,244.5,254.0,339.5
2b06ed2955aa861d_jpg.rf.MfBcPAS4Elz1QyZUsQmx.jpg,416,416,carro,31.0,87.5,387.0,389.5
2b06ed2955aa861d_jpg.rf.79b1cc8ca28f1097bfd95e086021e7e0.jpg,416,416,carro,27.0,92.5,380.0,394.5
2efb6c3c82.jpg,1920,1080,carro,1149.0909090909092,565.8181818181819,1282.9090909090912,664.7272727272729
2efb6c3c82.jpg,1920,1080,carro,782.5454545454546,578.909090909091,855.2727272727274,631.2727272727274
2efb6c3c82.jpg,1920,1080,carro,964.3636363636365,592.0000000000001,1008.0000000000001,626.909090909091
2efb6c3c82.jpg,1920,1080,carro,930.9090909090911,597.8181818181819,962.9090909090911,622.5454545454546
2efb6c3c82.jpg,1920,1080,carro,897.4545454545456,599.2727272727274,928.0000000000001,619.6363636363637
2fdd9eb661.jpg,500,611,moto,175.0,271.0,412.0,566.0
2c7120c43a.jpg,412,232,moto,250.0,160.5,308.0,223.5
2c7120c43a.jpg,412,232,moto,225.0,147.5,242.0,158.5
1f133e6ee29e99d0_jpg.rf.LSDdfZGLMPOupotMQr2C.jpg,416,416,carro,121.0,0.5,343.0,294.5
2ddd5c87ecbc6060_jpg.rf.O8xSaH7Rf5YLRKe5LaIn.jpg,416,416,moto,43.0,243.5,255.0,344.5
3a2a06b1d3705da9_jpg.rf.2d7bec38f174007fdee862e87a0681be.jpg,416,416,carro,32.0,111.5,391.0,383.5
3ec8255ddd.jpg,640,640,moto,8.0,42.5,588.0,582.5
3dd95762b8a9c4a9_jpg.rf.rQsPxREcDYksA86KzcdI.jpg,416,416,carro,164.0,200.5,416.0,313.5
3dd95762b8a9c4a9_jpg.rf.rQsPxREcDYksA86KzcdI.jpg,416,416,carro,154.0,101.5,416.0,235.5
3dd95762b8a9c4a9_jpg.rf.rQsPxREcDYksA86KzcdI.jpg,416,416,moto,0.0,240.5,124.0,370.5
3b2d25d42c.jpg,1080,1347,moto,41.07750952986023,362.85133418043205,826.6848792884372,1341.8653113087676
3b2d25d42c.jpg,1080,1347,carro,712.010165184244,344.02414231257944,1073.1499364675985,1038.9186785260483
4a11e1503e4317a1_jpg.rf.96844f77383a8af09e82a815f222df0e.jpg,416,416,carro,36.0,0.0,404.0,408.5
4a132f56869e2ade_jpg.rf.83KWRSVfUPoQaoOtVBGh.jpg,416,416,moto,9.0,5.5,403.0,410.5
4a132f56869e2ade_jpg.rf.83KWRSVfUPoQaoOtVBGh.jpg,416,416,moto,157.0,16.5,415.0,271.5
4a132f56869e2ade_jpg.rf.83KWRSVfUPoQaoOtVBGh.jpg,416,416,carro,18.0,59.5,106.0,124.5
4a11e1503e4317a1_jpg.rf.xr2mlTpcmvzGODyFyQTf.jpg,416,416,carro,38.0,0.5,413.0,405.5
2feaa7dff6.jpg,800,504,carro,182.0,139.5,627.0,446.5
3dd95762b8a9c4a9_jpg.rf.3647a732c5384fea27fdd145634b9ed6.jpg,416,416,carro,144.0,200.5,415.0,316.5
3dd95762b8a9c4a9_jpg.rf.3647a732c5384fea27fdd145634b9ed6.jpg,416,416,moto,0.0,238.5,117.0,368.5
3dd95762b8a9c4a9_jpg.rf.3647a732c5384fea27fdd145634b9ed6.jpg,416,416,carro,150.0,99.5,410.0,238.5
4b10429375323247_jpg.rf.2106bb238ada77e354ff4861a532f33d.jpg,416,416,carro,176.0,62.5,404.0,313.5
4b10429375323247_jpg.rf.2106bb238ada77e354ff4861a532f33d.jpg,416,416,carro,101.0,84.5,241.0,252.5
4b10429375323247_jpg.rf.2106bb238ada77e354ff4861a532f33d.jpg,416,416,carro,18.0,90.5,101.0,237.5
4b10429375323247_jpg.rf.2106bb238ada77e354ff4861a532f33d.jpg,416,416,carro,1.0,138.5,37.0,208.5
4c40c429a5a070e8_jpg.rf.L1Ey33Unmsn2ItPAAJFF.jpg,416,416,carro,19.0,185.5,402.0,352.5
4c40c429a5a070e8_jpg.rf.e6b36721b90b2f3b56a43312e59a2eed.jpg,416,416,carro,18.0,186.5,405.0,353.5
4d62b3eed8f04f21_jpg.rf.mxgarvGPXewa2HLcHp0j.jpg,416,416,carro,10.0,116.5,406.0,323.5
4d62b3eed8f04f21_jpg.rf.88e97e734086e207cd4845411f5989f4.jpg,416,416,carro,12.0,114.5,407.0,325.5
4a132f56869e2ade_jpg.rf.9166b1c64ea1b328999796c4e204423a.jpg,416,416,moto,4.0,7.5,405.0,392.5
4a132f56869e2ade_jpg.rf.9166b1c64ea1b328999796c4e204423a.jpg,416,416,moto,204.0,6.5,414.0,267.5
5dc06abba45063b5_jpg.rf.PeOJiuM6aiPTgJ5VrkN3.jpg,416,416,carro,58.0,112.5,356.0,346.5
5dc06abba45063b5_jpg.rf.PeOJiuM6aiPTgJ5VrkN3.jpg,416,416,carro,366.0,246.5,416.0,292.5
5dc06abba45063b5_jpg.rf.PeOJiuM6aiPTgJ5VrkN3.jpg,416,416,carro,1.0,259.5,41.0,307.5
5cc8e6c42d.jpg,1000,626,carro,132.0,185.5,867.0,540.5
5dc06abba45063b5_jpg.rf.507ac207d5cbc9895e8a722a9210a722.jpg,416,416,carro,60.0,113.5,361.0,338.5
5dc06abba45063b5_jpg.rf.507ac207d5cbc9895e8a722a9210a722.jpg,416,416,carro,366.0,244.5,415.0,295.5
5dc06abba45063b5_jpg.rf.507ac207d5cbc9895e8a722a9210a722.jpg,416,416,carro,5.0,248.5,45.0,305.5
07a108f07e99070b_jpg.rf.d095baecacbd548c3bc7dfe08df77368.jpg,416,416,carro,95.0,270.5,200.0,315.5
6a03dd967d836a19_jpg.rf.1543ee37f3c848ffe8ca2cdd70879783.jpg,416,416,carro,11.0,195.5,159.0,319.5
6a03dd967d836a19_jpg.rf.1543ee37f3c848ffe8ca2cdd70879783.jpg,416,416,carro,147.0,240.5,196.0,294.5
6a03dd967d836a19_jpg.rf.1543ee37f3c848ffe8ca2cdd70879783.jpg,416,416,carro,199.0,250.5,230.0,286.5
6a03dd967d836a19_jpg.rf.1543ee37f3c848ffe8ca2cdd70879783.jpg,416,416,carro,247.0,247.5,286.0,298.5
07a108f07e99070b_jpg.rf.319BfYKHczTQNiU3Rv20.jpg,416,416,carro,99.0,260.5,204.0,317.5
07ffa35d1f.jpg,984,738,carro,383.0,185.5,809.0,509.5
007d086a0d.jpg,1300,878,moto,139.45362134688693,255.47903430749685,642.602287166455,758.6277001270648
007d086a0d.jpg,1300,878,moto,563.3926302414231,227.58831003811946,668.2617534942822,368.15756035578147
007d086a0d.jpg,1300,878,moto,812.1778907242694,218.6632782719187,967.2503176620077,331.3418043202033
007d086a0d.jpg,1300,878,moto,932.6658195679797,210.85387547649302,975.0597204574334,262.1728081321474
007d086a0d.jpg,1300,878,moto,1005.1817026683609,204.16010165184247,1078.8132147395172,294.5260482846252
007d086a0d.jpg,1300,878,moto,1083.2757306226176,217.5476493011436,1112.2820838627702,263.2884371029225
007d086a0d.jpg,1300,878,moto,1113.3977128335453,214.2007623888183,1140.1728081321476,254.36340533672174
007d086a0d.jpg,1300,878,moto,1146.866581956798,210.85387547649302,1168.0635324015248,244.32274459974587
007d086a0d.jpg,1300,878,moto,1169.1791613722999,215.3163913595934,1182.5667090216011,242.0914866581957
007d086a0d.jpg,1300,878,moto,1202.6480304955528,214.2007623888183,1219.3824650571792,235.3977128335451
007d086a0d.jpg,1300,878,moto,1227.191867852605,213.08513341804323,1239.463786531131,228.70393900889457
07d61c5699b6f4da_jpg.rf.glUHyaT2jkNoWjh4hnfU.jpg,416,416,carro,1.0,67.5,411.0,344.5
6f276e419bd817e1_jpg.rf.3671f9cb028c749c0caa3d9a71c6e6ff.jpg,416,416,moto,64.0,160.5,380.0,390.5
6a03dd967d836a19_jpg.rf.jZiLdhLoUOWPHBD5c666.jpg,416,416,carro,249.0,253.5,290.0,293.5
6a03dd967d836a19_jpg.rf.jZiLdhLoUOWPHBD5c666.jpg,416,416,carro,193.0,256.5,240.0,283.5
6a03dd967d836a19_jpg.rf.jZiLdhLoUOWPHBD5c666.jpg,416,416,carro,151.0,248.5,201.0,288.5
6a03dd967d836a19_jpg.rf.jZiLdhLoUOWPHBD5c666.jpg,416,416,carro,9.0,198.5,152.0,305.5
6f276e419bd817e1_jpg.rf.isi7DkKZujwmGNXtrVhO.jpg,416,416,moto,58.0,173.5,381.0,384.5
8a5fca0fcf22fed1_jpg.rf.AOhaqoj7Thor2pJaz7m4.jpg,416,416,carro,78.0,114.5,290.0,310.5
7fa18bd0fbca2fe8_jpg.rf.4fb47fbdee76df27d26a959dc6121b51.jpg,416,416,carro,35.0,63.5,386.0,386.5
8a5fca0fcf22fed1_jpg.rf.36dff3a6243a3d14eeba97c707db742f.jpg,416,416,carro,82.0,103.5,301.0,321.5
07-trigger.jpg,2260,800,moto,1698.4242424242423,547.8787878787879,2169.2575757575755,796.1363636363636
07-trigger.jpg,2260,800,moto,1674.4545454545455,535.8939393939394,1838.8181818181818,749.9090909090909
07-trigger.jpg,2260,800,moto,1344.0151515151515,558.1515151515151,1732.6666666666665,777.3030303030303
07-trigger.jpg,2260,800,moto,1176.2272727272727,553.0151515151515,1403.939393939394,767.030303030303
07-trigger.jpg,2260,800,moto,1118.0151515151515,559.8636363636364,1241.2878787878788,760.1818181818181
07-trigger.jpg,2260,800,carro,2131.590909090909,546.1666666666666,2253.151515151515,650.6060606060606
7fa18bd0fbca2fe8_jpg.rf.kt4iiRQEx7TtbHNmAht2.jpg,416,416,carro,32.0,58.5,386.0,374.5
7eeea1eb06c7de4f_jpg.rf.4GAdHi7m5KjLwq0Mb62h.jpg,416,416,carro,180.0,151.5,351.0,257.5
7eeea1eb06c7de4f_jpg.rf.0e4af8c2677ba255a1e8180312b6e047.jpg,416,416,carro,168.0,161.5,351.0,249.5
7a1305c8e808290c_jpg.rf.07f18985154e78ad5d97a676c44a7ad7.jpg,416,416,carro,0.0,324.5,80.0,391.5
7a1305c8e808290c_jpg.rf.07f18985154e78ad5d97a676c44a7ad7.jpg,416,416,carro,330.0,322.5,416.0,378.5
18cf3b73b6.jpg,1055,594,moto,271.5,126.5,466.5,264.5
11b0e2dddc393e74_jpg.rf.vphKZwfJIqRHJqmIxPN7.jpg,416,416,moto,41.0,7.5,406.0,336.5
11b0e2dddc393e74_jpg.rf.58418e3bb1d6a4f0232dbce9bc7dde39.jpg,416,416,moto,43.0,14.5,399.0,338.5
8d425cb54d74abeb_jpg.rf.Xk9MwVdyX316RbQPWRpW.jpg,416,416,carro,3.0,299.5,334.0,415.5
9d3c9b88e091fd93_jpg.rf.IxrcQGvIXzqW3AQSsouh.jpg,416,416,moto,17.0,52.5,323.0,395.5
0013d97a44c586c0_jpg.rf.c129e0f75e464334397783e12eeddd69.jpg,416,416,carro,3.0,142.5,158.0,254.5
0013d97a44c586c0_jpg.rf.c129e0f75e464334397783e12eeddd69.jpg,416,416,carro,220.0,122.5,304.0,231.5
0013d97a44c586c0_jpg.rf.c129e0f75e464334397783e12eeddd69.jpg,416,416,carro,344.0,133.5,413.0,198.5
25ceb16e759fbc8e_jpg.rf.868d326b2b6f4aa6a69ecde979206809.jpg,416,416,moto,71.0,154.5,183.0,264.5
25ceb16e759fbc8e_jpg.rf.868d326b2b6f4aa6a69ecde979206809.jpg,416,416,moto,208.0,186.5,285.0,263.5
13b1404f87507b51_jpg.rf.4bf682cfa4c84cff502d30594ce7f6fa.jpg,416,416,carro,44.0,79.5,404.0,358.5
13b1404f87507b51_jpg.rf.4bf682cfa4c84cff502d30594ce7f6fa.jpg,416,416,carro,267.0,108.5,387.0,208.5
13b1404f87507b51_jpg.rf.Bb3wjg8dxJODh9w7ha5p.jpg,416,416,carro,54.0,73.5,407.0,354.5
13b1404f87507b51_jpg.rf.Bb3wjg8dxJODh9w7ha5p.jpg,416,416,carro,266.0,115.5,393.0,212.5
0013d97a44c586c0_jpg.rf.QohOjYeZzQhUb4dxfAUr.jpg,416,416,carro,2.0,135.5,154.0,252.5
0013d97a44c586c0_jpg.rf.QohOjYeZzQhUb4dxfAUr.jpg,416,416,carro,225.0,118.5,302.0,228.5
0013d97a44c586c0_jpg.rf.QohOjYeZzQhUb4dxfAUr.jpg,416,416,carro,350.0,128.5,403.0,199.5
30de441d49bbeedd_jpg.rf.935b9b0506fda047ef745d1e15803eb5.jpg,416,416,carro,38.0,60.5,371.0,356.5
30de441d49bbeedd_jpg.rf.xFHvT6eC2CujBe0FucIe.jpg,416,416,carro,32.0,58.5,379.0,348.5
28e0b4c029d15510_jpg.rf.lsUEYlmTp2ESAYfSjEqS.jpg,416,416,carro,20.0,299.5,222.0,400.5
28e0b4c029d15510_jpg.rf.a46965768162850af366ec3c676879f1.jpg,416,416,carro,13.0,301.5,224.0,398.5
28e0b4c029d15510_jpg.rf.a46965768162850af366ec3c676879f1.jpg,416,416,carro,372.0,318.5,416.0,366.5
25ceb16e759fbc8e_jpg.rf.jFlTdqXZzeJaUTW7b1a0.jpg,416,416,moto,63.0,153.5,187.0,259.5
25ceb16e759fbc8e_jpg.rf.jFlTdqXZzeJaUTW7b1a0.jpg,416,416,moto,207.0,182.5,287.0,275.5
29d4a1543ff5d6c0_jpg.rf.ZzQxOtenPXDe0zqw2TXX.jpg,416,416,carro,0.0,50.5,393.0,365.5
34db31dbb7.jpg,600,400,moto,191.0,210.5,431.0,349.5
34db31dbb7.jpg,600,400,carro,502.0,238.5,600.0,298.5
31b1c599fd0f2280_jpg.rf.9FbyuGPg6vbindnsI6Wz.jpg,416,416,carro,12.0,62.5,239.0,394.5
31b1c599fd0f2280_jpg.rf.520f8f5e622e094061858d4a203d0298.jpg,416,416,carro,18.0,40.5,225.0,395.5
29d4a1543ff5d6c0_jpg.rf.1b28ae90184fe059773fbe9ded25c135.jpg,416,416,carro,3.0,69.5,389.0,365.5
38a29a2b08ad3603_jpg.rf.VEzr25xgqJfUEzpMgeDK.jpg,416,416,carro,211.0,335.5,289.0,411.5
38a29a2b08ad3603_jpg.rf.VEzr25xgqJfUEzpMgeDK.jpg,416,416,carro,0.0,244.5,107.0,409.5
41cb68a802f49e98_jpg.rf.NM5om6Wlgqe7clhbnY9F.jpg,416,416,carro,33.0,79.5,397.0,322.5
42e14b904b.jpg,290,174,moto,53.0,65.5,131.0,129.5
42e14b904b.jpg,290,174,moto,10.0,68.5,75.0,122.5
42e14b904b.jpg,290,174,moto,114.0,28.5,162.0,72.5
41cb68a802f49e98_jpg.rf.7bc31337321906ea304a074b7ce5c62a.jpg,416,416,carro,26.0,75.5,400.0,314.5
37f9a68f16667494_jpg.rf.d62bc285ad93f27c813fa6cda6065946.jpg,416,416,carro,27.0,193.5,381.0,390.5
34f6a140cae07ad1_jpg.rf.8e1eecf556d36e027892a2a42634c178.jpg,416,416,carro,42.0,66.5,397.0,388.5
37f9a68f16667494_jpg.rf.N59rgqGa5uw1tBGeIG6j.jpg,416,416,carro,34.0,184.5,378.0,386.5
64e4fa9ae5bc1603_jpg.rf.q4ilcrcCFPatpmfE9nKP.jpg,416,416,carro,47.0,235.5,198.0,323.5
64e4fa9ae5bc1603_jpg.rf.q4ilcrcCFPatpmfE9nKP.jpg,416,416,carro,4.0,240.5,54.0,322.5
64e4fa9ae5bc1603_jpg.rf.3d4ac41608cc04e2fcd0668c85959e70.jpg,416,416,carro,41.0,239.5,197.0,324.5
64e4fa9ae5bc1603_jpg.rf.3d4ac41608cc04e2fcd0668c85959e70.jpg,416,416,carro,2.0,237.5,52.0,317.5
56eaa673deaa0765_jpg.rf.jM9uO1SAKdxUfELrvpBc.jpg,416,416,moto,180.0,115.5,344.0,390.5
56eaa673deaa0765_jpg.rf.e8c397bd19bc7451dde8fc4d805d1e35.jpg,416,416,moto,181.0,121.5,344.0,393.5
62cde588a7e31a28_jpg.rf.ZrUp8k1yYn4kSO9Q7TqP.jpg,416,416,carro,73.0,144.5,200.0,240.5
62cde588a7e31a28_jpg.rf.ZrUp8k1yYn4kSO9Q7TqP.jpg,416,416,carro,95.0,51.5,180.0,94.5
62cde588a7e31a28_jpg.rf.affd1288d24e5d69816a8f35c8d770e3.jpg,416,416,carro,72.0,139.5,206.0,242.5
62cde588a7e31a28_jpg.rf.affd1288d24e5d69816a8f35c8d770e3.jpg,416,416,carro,100.0,46.5,164.0,94.5
53f2146ec4.jpg,1087,725,moto,608.5,366.0,1006.5,680.0
89c26158c4.jpg,453,323,carro,22.5,194.0,131.5,274.0
89c26158c4.jpg,453,323,carro,216.5,211.0,255.5,241.0
89c26158c4.jpg,453,323,carro,192.5,206.0,207.5,220.0
71cc934013f02bfe_jpg.rf.38bd90e5292738c592909a16a2fef79e.jpg,416,416,moto,58.0,156.5,353.0,388.5
71cc934013f02bfe_jpg.rf.38bd90e5292738c592909a16a2fef79e.jpg,416,416,carro,193.0,31.5,343.0,130.5
96fa09e7f79763dc_jpg.rf.9fecf46ca08efc61ea207bcb6c5ef6e9.jpg,416,416,moto,26.0,7.5,355.0,391.5
080a59534ba7d557_jpg.rf.Ir2vdIUGO39gG21EuUcQ.jpg,416,416,carro,32.0,56.5,389.0,363.5
080a59534ba7d557_jpg.rf.7d43b48f7b72a761a19b21e6c3367403.jpg,416,416,carro,26.0,58.5,389.0,366.5
71cc934013f02bfe_jpg.rf.B3RwXdUB9BVEkJ24bBr7.jpg,416,416,moto,50.0,116.5,356.0,393.5
71cc934013f02bfe_jpg.rf.B3RwXdUB9BVEkJ24bBr7.jpg,416,416,carro,194.0,30.5,348.0,122.5
66d55e26e2.jpg,902,902,moto,381.6594663278272,537.5324015247777,530.6556543837357,788.5336721728082
66d55e26e2.jpg,902,902,moto,562.7471410419314,542.1168996188056,723.2045743329098,769.0495552731894
96fa09e7f79763dc_jpg.rf.RzdNdxT5bnlgUfDD9dIW.jpg,416,416,moto,92.0,8.5,331.0,414.5
085f98b55ebd3fd7_jpg.rf.fadca3bd8d380e2995abe55e8823f35d.jpg,416,416,carro,42.0,114.5,365.0,323.5
426adbabdb49616a_jpg.rf.3fadefb5bca99f69797106c1c86bb868.jpg,416,416,carro,21.0,72.5,405.0,365.5
98dadcc0a553da24_jpg.rf.2f9a747b51d3d63064e928cac908aed8.jpg,416,416,carro,13.0,21.5,403.0,381.5
239ec3953a0b0bb0_jpg.rf.PRvU95hAnF7itR0UHpfo.jpg,416,416,carro,36.0,77.5,381.0,355.5
290a66481b3c3159_jpg.rf.6cb8bfaf206edda684ba5cfac71f27f7.jpg,416,416,carro,226.0,158.5,410.0,358.5
290a66481b3c3159_jpg.rf.6cb8bfaf206edda684ba5cfac71f27f7.jpg,416,416,carro,23.0,156.5,204.0,359.5
290a66481b3c3159_jpg.rf.6cb8bfaf206edda684ba5cfac71f27f7.jpg,416,416,carro,187.0,181.5,234.0,258.5
290a66481b3c3159_jpg.rf.6cb8bfaf206edda684ba5cfac71f27f7.jpg,416,416,carro,5.0,162.5,79.0,317.5
98dadcc0a553da24_jpg.rf.NJ05dQkr3wkFaW6qzPFW.jpg,416,416,carro,10.0,16.5,406.0,381.5
290a66481b3c3159_jpg.rf.7IeXIQCtwQgAMDLgI8fu.jpg,416,416,carro,225.0,162.5,416.0,361.5
290a66481b3c3159_jpg.rf.7IeXIQCtwQgAMDLgI8fu.jpg,416,416,carro,192.0,185.5,229.0,256.5
290a66481b3c3159_jpg.rf.7IeXIQCtwQgAMDLgI8fu.jpg,416,416,carro,19.0,157.5,202.0,352.5
290a66481b3c3159_jpg.rf.7IeXIQCtwQgAMDLgI8fu.jpg,416,416,carro,2.0,159.5,78.0,265.5
488b42427e210e88_jpg.rf.8ff0f11d6a27238e5d1e13e630b45380.jpg,416,416,carro,58.0,154.5,323.0,311.5
578e78c69be76ff9_jpg.rf.0uiI8LMpU2K3renBLmi9.jpg,416,416,carro,14.0,39.5,259.0,314.5
533ecb00afb6eb50_jpg.rf.81f085ad321cbfd9840ddc419d440290.jpg,416,416,carro,23.0,63.5,407.0,414.5
565e7dc789a437be_jpg.rf.EbVD4t4mQFUeebiNfgHi.jpg,416,416,carro,5.0,64.5,307.0,263.5
488b42427e210e88_jpg.rf.XTOAH2QvnUw7EEdeUFPn.jpg,416,416,carro,55.0,147.5,333.0,313.5
530a817c7a.jpg,1000,750,moto,98.0,385.5,321.0,687.5
530a817c7a.jpg,1000,750,moto,342.0,394.5,579.0,710.5
530a817c7a.jpg,1000,750,moto,538.0,362.5,734.0,609.5
530a817c7a.jpg,1000,750,moto,682.0,381.5,881.0,590.5
463a6c0582a8ef59_jpg.rf.kkcQwje8JKyidyW02lns.jpg,416,416,carro,56.0,281.5,252.0,397.5
741f24cb0476ebec_jpg.rf.9GqGLjIYDZRO3zCzERq3.jpg,416,416,carro,9.0,167.5,192.0,304.5
741f24cb0476ebec_jpg.rf.9GqGLjIYDZRO3zCzERq3.jpg,416,416,carro,173.0,175.5,313.0,301.5
741f24cb0476ebec_jpg.rf.9GqGLjIYDZRO3zCzERq3.jpg,416,416,carro,287.0,178.5,401.0,298.5
656e08da323e3b5e_jpg.rf.ece40cdcb8d92174162d33fc35009705.jpg,416,416,moto,65.0,13.5,206.0,411.5
656e08da323e3b5e_jpg.rf.lUvsaZOzN4LFJbO6eHkG.jpg,416,416,moto,72.0,7.5,208.0,403.5
717e612946.jpg,259,195,moto,63.5,71.0,146.5,157.0
636e60da4d.jpg,1600,1067,moto,452.83100381194413,368.7725540025413,1144.279542566709,951.7585768742058
632bd6855da8a1ea_jpg.rf.xb4hXORVi5uOg5tj6FTw.jpg,416,416,moto,42.0,10.5,393.0,406.5
657d44f93fb646b3_jpg.rf.a3b0e9e3e7a16cc779c647d8e217ce95.jpg,416,416,carro,43.0,9.5,375.0,397.5
578e78c69be76ff9_jpg.rf.fc83fefce3f7e8fa41ba6114f6267089.jpg,416,416,carro,13.0,52.5,258.0,311.5
657d44f93fb646b3_jpg.rf.qVLy2zfDqg5gFXTvlYUB.jpg,416,416,carro,41.0,3.5,378.0,404.5
632bd6855da8a1ea_jpg.rf.7e1a24e9a34bd44621c9640a49738e91.jpg,416,416,moto,16.0,10.5,396.0,407.5
2313abe44eba9354_jpg.rf.E1IxK1HeNQ0Qa3V64I3G.jpg,416,416,carro,4.0,226.5,50.0,302.5
808ef2923c23e7e5_jpg.rf.aa696ac3bc9a7ad6e49ffed634b6b365.jpg,416,416,moto,8.672793555527848,50.491766383913735,361.4406070850391,386.3460546072156
1366_2000.jpeg,1366,988,moto,321.38246505717916,410.51588310038125,1172.543837357052,925.2299872935198
1366_2000.jpeg,1366,988,moto,951.5933926302415,381.6416772554003,1339.5120711562897,803.456162642948
1366_2000.jpeg,1366,988,carro,1181.3316391359594,317.61626429479037,1245.3570520965693,411.77128335451084
1366_2000.jpeg,1366,988,carro,1252.889453621347,340.2134688691233,1286.7852604828463,420.5590851334181
1366_2000.jpeg,1366,988,carro,1092.1982210927574,321.38246505717916,1131.115628970775,397.96188055908516
1366_2000.jpeg,1366,988,carro,1055.7916137229988,320.12706480304956,1098.4752223634055,390.4294790343075
1366_2000.jpeg,1366,988,carro,1019.3850063532402,323.8932655654384,1059.5578144853876,389.1740787801779
2313abe44eba9354_jpg.rf.b2fd6c76c152c599f4246b8bdb13c0db.jpg,416,416,carro,1.0,238.5,53.0,306.5
4046b4261847fad4_jpg.rf.cef732c99321a643c7e44e2a6999da84.jpg,416,416,carro,157.0,43.5,405.0,393.5
741f24cb0476ebec_jpg.rf.1493c1d785991bad4e460e154530d756.jpg,416,416,carro,8.0,165.5,187.0,307.5
741f24cb0476ebec_jpg.rf.1493c1d785991bad4e460e154530d756.jpg,416,416,carro,171.0,178.5,318.0,300.5
741f24cb0476ebec_jpg.rf.1493c1d785991bad4e460e154530d756.jpg,416,416,carro,287.0,178.5,397.0,290.5
1180fcd71f.jpg,840,560,carro,279.0,118.5,761.0,422.5
808ef2923c23e7e5_jpg.rf.LM6hToh0TrkoNHgBsKWc.jpg,416,416,moto,9.0,2.5,340.0,379.5
991d4282940eb27a_jpg.rf.972033bc338dae820ec5a2f2c488b3cd.jpg,416,416,carro,173.0,92.5,415.0,376.5
991d4282940eb27a_jpg.rf.972033bc338dae820ec5a2f2c488b3cd.jpg,416,416,carro,62.0,150.5,177.0,240.5
991d4282940eb27a_jpg.rf.RZ3ur3ZaFslN01ry6HlD.jpg,416,416,carro,171.0,92.5,416.0,371.5
991d4282940eb27a_jpg.rf.RZ3ur3ZaFslN01ry6HlD.jpg,416,416,carro,63.0,157.5,177.0,241.5
4818e6162e7f47e0_jpg.rf.4502b1814e0a6d9540380aaf66d6dfaa.jpg,416,416,carro,34.0,66.5,384.0,362.5
05168c8b40707be2_jpg.rf.8d16bc946394e5e3004ab10f7d157334.jpg,416,416,moto,58.0,57.5,345.0,408.5
05168c8b40707be2_jpg.rf.C9nVdX7zdvjjs5bb6BTi.jpg,416,416,moto,67.0,83.5,331.0,409.5
4111db16bc966910_jpg.rf.ZNB0AxKYXSEjpxYvt68z.jpg,416,416,carro,3.0,26.5,367.0,408.5
4111db16bc966910_jpg.rf.ZNB0AxKYXSEjpxYvt68z.jpg,416,416,carro,5.0,179.5,109.0,399.5
4848bc97c4.jpg,1207,707,moto,605.5,431.0,887.5,645.0
4848bc97c4.jpg,1207,707,moto,123.5,314.0,401.5,562.0
6450b21594.jpg,1000,750,moto,192.0,483.5,800.0,734.5
4046b4261847fad4_jpg.rf.Pu8ZmWKhSQ9UmJVGH0o4.jpg,416,416,carro,157.0,34.5,413.0,408.5
7268f458dc755b0c_jpg.rf.8d1c275a0c1a54c6ac1857da0a94a932.jpg,416,416,carro,28.0,72.5,357.0,354.5
7268f458dc755b0c_jpg.rf.8d1c275a0c1a54c6ac1857da0a94a932.jpg,416,416,carro,3.0,124.5,41.0,217.5
7268f458dc755b0c_jpg.rf.8d1c275a0c1a54c6ac1857da0a94a932.jpg,416,416,carro,362.0,164.5,413.0,248.5
9796bc10908e02b3_jpg.rf.2f2c0e0eb274069af7710c1b87daa6d0.jpg,416,416,moto,60.0,106.5,363.0,340.5
9796bc10908e02b3_jpg.rf.2f2c0e0eb274069af7710c1b87daa6d0.jpg,416,416,carro,275.0,7.5,416.0,212.5
9796bc10908e02b3_jpg.rf.2f2c0e0eb274069af7710c1b87daa6d0.jpg,416,416,carro,0.0,70.5,97.0,157.5
9796bc10908e02b3_jpg.rf.2f2c0e0eb274069af7710c1b87daa6d0.jpg,416,416,moto,0.0,159.5,119.0,247.5
39339a1089.jpg,640,478,moto,62.0,11.5,537.0,458.5
9796bc10908e02b3_jpg.rf.IbTC9aZovNxmEYrIJCtO.jpg,416,416,moto,59.0,152.5,354.0,333.5
9796bc10908e02b3_jpg.rf.IbTC9aZovNxmEYrIJCtO.jpg,416,416,moto,0.0,151.5,101.0,244.5
34126ed07ddad6e7_jpg.rf.qwj8CRYpkhfxLHQjHdAi.jpg,416,416,carro,177.0,74.5,386.0,370.5
34126ed07ddad6e7_jpg.rf.qwj8CRYpkhfxLHQjHdAi.jpg,416,416,carro,3.0,241.5,104.0,316.5
34126ed07ddad6e7_jpg.rf.qwj8CRYpkhfxLHQjHdAi.jpg,416,416,carro,57.0,207.5,109.0,259.5
34126ed07ddad6e7_jpg.rf.qwj8CRYpkhfxLHQjHdAi.jpg,416,416,carro,117.0,205.5,180.0,279.5
041172adfae5695a_jpg.rf.1fbb787bac32648e8bf6dad3d0fe4157.jpg,416,416,carro,33.0,79.5,373.0,356.5
44617a73df40c9a4_jpg.rf.SzSDdtgCTUmLo9ltBi2p.jpg,416,416,carro,41.0,8.5,397.0,396.5
44617a73df40c9a4_jpg.rf.SzSDdtgCTUmLo9ltBi2p.jpg,416,416,carro,30.0,110.5,92.0,171.5
041172adfae5695a_jpg.rf.QOUwpAdhK2BU2e1VvIRc.jpg,416,416,carro,44.0,76.5,379.0,348.5
44617a73df40c9a4_jpg.rf.d5eb31184936cba2d5e2156654936b7f.jpg,416,416,carro,27.0,15.5,384.0,386.5
44617a73df40c9a4_jpg.rf.d5eb31184936cba2d5e2156654936b7f.jpg,416,416,carro,22.0,106.5,100.0,172.5
34126ed07ddad6e7_jpg.rf.908e420bc09cfd259923126d4fcd5b77.jpg,416,416,carro,179.0,66.5,388.0,369.5
34126ed07ddad6e7_jpg.rf.908e420bc09cfd259923126d4fcd5b77.jpg,416,416,carro,3.0,236.5,111.0,320.5
34126ed07ddad6e7_jpg.rf.908e420bc09cfd259923126d4fcd5b77.jpg,416,416,carro,69.0,214.5,127.0,263.5
34126ed07ddad6e7_jpg.rf.908e420bc09cfd259923126d4fcd5b77.jpg,416,416,carro,119.0,206.5,175.0,271.5
070804top.jpg,600,339,moto,467.0,137.0,567.0,259.0
070804top.jpg,600,339,moto,287.0,144.0,391.0,291.0
070804top.jpg,600,339,moto,197.0,148.0,299.0,285.0
070804top.jpg,600,339,moto,16.0,163.0,148.0,307.0
57543cd50708f4d3_jpg.rf.db6fa769ea1e5c5cd99d3e3ccc7202da.jpg,416,416,carro,43.0,38.5,330.0,278.5
0060021ac952f49f_jpg.rf.855a8f5f8feac97880cfc2ccc3ebef78.jpg,416,416,carro,29.0,89.5,211.0,265.5
0060021ac952f49f_jpg.rf.855a8f5f8feac97880cfc2ccc3ebef78.jpg,416,416,carro,244.0,125.5,302.0,214.5
0060021ac952f49f_jpg.rf.855a8f5f8feac97880cfc2ccc3ebef78.jpg,416,416,carro,199.0,130.5,248.0,207.5
0060021ac952f49f_jpg.rf.855a8f5f8feac97880cfc2ccc3ebef78.jpg,416,416,carro,244.0,160.5,401.0,384.5
0060021ac952f49f_jpg.rf.855a8f5f8feac97880cfc2ccc3ebef78.jpg,416,416,moto,130.0,240.5,242.0,384.5
0060021ac952f49f_jpg.rf.QJlPSifmfYYjMP2wqmwx.jpg,416,416,moto,136.0,247.5,253.0,382.5
0060021ac952f49f_jpg.rf.QJlPSifmfYYjMP2wqmwx.jpg,416,416,carro,29.0,97.5,204.0,263.5
0060021ac952f49f_jpg.rf.QJlPSifmfYYjMP2wqmwx.jpg,416,416,carro,235.0,124.5,302.0,211.5
0060021ac952f49f_jpg.rf.QJlPSifmfYYjMP2wqmwx.jpg,416,416,carro,198.0,126.5,238.0,205.5
0060021ac952f49f_jpg.rf.QJlPSifmfYYjMP2wqmwx.jpg,416,416,carro,242.0,148.5,403.0,400.5
91173b5d90e594b4_jpg.rf.f19443437a99f20cd070b9f06195ef9e.jpg,416,416,carro,16.0,38.5,403.0,353.5
68778b3e66bd53d2_jpg.rf.4QKMPflkzPCgrfKWuWQ1.jpg,416,416,carro,2.0,38.5,319.0,307.5
57543cd50708f4d3_jpg.rf.AlviuxhjG9TmlMeqf5Ap.jpg,416,416,carro,46.0,39.5,329.0,278.5
93407ba6ac.jpg,600,415,carro,228.0,233.0,524.0,363.0
91173b5d90e594b4_jpg.rf.NaJmTaK8TLqlnRRBaWBl.jpg,416,416,carro,18.0,43.5,415.0,352.5
98578c917503867e_jpg.rf.VlvyWmh2z4aaqfXIT4ds.jpg,416,416,carro,28.0,6.5,360.0,359.5
98578c917503867e_jpg.rf.23d7a5ae98961f1def65488c413aeaf1.jpg,416,416,carro,5.0,5.5,367.0,352.5
5590428f2b873b65_jpg.rf.6e674b75bf63e8a4a31671a36b99313d.jpg,416,416,carro,135.0,39.5,314.0,358.5
5590428f2b873b65_jpg.rf.6e674b75bf63e8a4a31671a36b99313d.jpg,416,416,carro,1.0,10.5,135.0,362.5
5590428f2b873b65_jpg.rf.6e674b75bf63e8a4a31671a36b99313d.jpg,416,416,carro,299.0,25.5,416.0,347.5
539275.png,2560,1440,moto,236.6060606060606,102.78787878787878,717.5757575757576,354.90909090909093
539275.png,2560,1440,moto,793.2121212121212,89.21212121212122,1210.1818181818182,366.5454545454546
539275.png,2560,1440,moto,1305.2121212121212,83.39393939393939,1739.6363636363637,354.90909090909093
539275.png,2560,1440,moto,1817.2121212121212,114.42424242424242,2238.060606060606,358.7878787878788
539275.png,2560,1440,moto,1834.6666666666667,345.2121212121212,2243.878787878788,597.3333333333334
539275.png,2560,1440,moto,1824.969696969697,624.4848484848485,2245.818181818182,845.5757575757576
539275.png,2560,1440,moto,1850.1818181818182,892.1212121212121,2234.181818181818,1082.1818181818182
539275.png,2560,1440,moto,1844.3636363636363,1113.2121212121212,2232.242424242424,1322.6666666666667
539275.png,2560,1440,moto,1330.4242424242425,1109.3333333333333,1731.878787878788,1320.7272727272727
539275.png,2560,1440,moto,1330.4242424242425,884.3636363636364,1741.5757575757575,1084.121212121212
539275.png,2560,1440,moto,1332.3636363636363,638.060606060606,1735.7575757575758,847.5151515151515
539275.png,2560,1440,moto,1320.7272727272727,360.72727272727275,1728.0,595.3939393939394
539275.png,2560,1440,moto,810.6666666666666,366.54545454545456,1204.3636363636363,587.6363636363636
539275.png,2560,1440,moto,795.1515151515151,620.6060606060606,1206.3030303030303,835.8787878787879
539275.png,2560,1440,moto,781.5757575757576,864.969696969697,1212.121212121212,1080.2424242424242
539275.png,2560,1440,moto,814.5454545454545,1128.7272727272727,1208.2424242424242,1324.6060606060605
539275.png,2560,1440,moto,277.3333333333333,868.8484848484849,688.4848484848485,1074.4242424242425
539275.png,2560,1440,moto,281.2121212121212,612.8484848484849,696.2424242424242,849.4545454545455
539275.png,2560,1440,moto,287.030303030303,411.1515151515151,704.0,605.0909090909091
539275.png,2560,1440,moto,298.6666666666667,1086.060606060606,684.6060606060606,1309.090909090909
486107bbf0.jpg,1200,900,moto,839.3900889453621,272.1728081321474,1144.7268106734434,547.7763659466327
486107bbf0.jpg,1200,900,moto,153.24015247776364,329.35196950444725,399.1105463786531,722.7445997458703
486107bbf0.jpg,1200,900,moto,25.158831003811944,245.87039390088944,174.9682337992376,522.6175349428208
486107bbf0.jpg,1200,900,moto,864.5489199491741,76.62007623888182,959.4663278271919,184.11689961880558
5590428f2b873b65_jpg.rf.0UJgOnC3ZT4TJSbAYT95.jpg,416,416,carro,141.0,41.5,316.0,364.5
5590428f2b873b65_jpg.rf.0UJgOnC3ZT4TJSbAYT95.jpg,416,416,carro,2.0,10.5,146.0,381.5
5590428f2b873b65_jpg.rf.0UJgOnC3ZT4TJSbAYT95.jpg,416,416,carro,298.0,32.5,414.0,360.5
819003a2f313a857_jpg.rf.975b1354c62379d93032d9ddd3a216c1.jpg,416,416,carro,176.0,81.5,414.0,178.5
819003a2f313a857_jpg.rf.975b1354c62379d93032d9ddd3a216c1.jpg,416,416,carro,257.0,152.5,403.0,224.5
819003a2f313a857_jpg.rf.975b1354c62379d93032d9ddd3a216c1.jpg,416,416,carro,6.0,53.5,101.0,201.5
532953d0fc03d7ac_jpg.rf.zwev1qoVdbZlhhNFG7Do.jpg,416,416,carro,27.0,32.5,385.0,331.5
6748012dbea5b042_jpg.rf.rVqpItCspR7fXGMZNL3U.jpg,416,416,carro,28.0,79.5,384.0,339.5
26335526c56f84e6_jpg.rf.v6NM4GzK2sqD8HBhVUjQ.jpg,416,416,carro,285.0,320.5,404.0,384.5
26335526c56f84e6_jpg.rf.v6NM4GzK2sqD8HBhVUjQ.jpg,416,416,carro,138.0,310.5,205.0,348.5
26335526c56f84e6_jpg.rf.v6NM4GzK2sqD8HBhVUjQ.jpg,416,416,carro,98.0,314.5,139.0,342.5
26335526c56f84e6_jpg.rf.v6NM4GzK2sqD8HBhVUjQ.jpg,416,416,carro,50.0,308.5,89.0,336.5
6748012dbea5b042_jpg.rf.52b4ea616d993ee16455c5633832fa8f.jpg,416,416,carro,28.0,82.5,391.0,332.5
6748012dbea5b042_jpg.rf.52b4ea616d993ee16455c5633832fa8f.jpg,416,416,carro,302.0,123.5,393.0,233.5
94003454cbe9f9ca_jpg.rf.YG0SCNVWZK75Np9eCGAE.jpg,416,416,carro,97.0,233.5,154.0,300.5
94003454cbe9f9ca_jpg.rf.YG0SCNVWZK75Np9eCGAE.jpg,416,416,carro,69.0,212.5,105.0,257.5
8426440240c36e50_jpg.rf.ce6bb9695f47752fe371817ce50fcac4.jpg,416,416,carro,99.0,88.5,374.0,287.5
8426440240c36e50_jpg.rf.DTljEZ5YN68SKKRpDN91.jpg,416,416,carro,100.0,92.5,380.0,290.5
61940061f7f0f8a8_jpg.rf.HiFDcCbCKvZznvIJmTEu.jpg,416,416,moto,175.0,153.5,382.0,346.5
61940061f7f0f8a8_jpg.rf.HiFDcCbCKvZznvIJmTEu.jpg,416,416,moto,16.0,205.5,330.0,410.5
61940061f7f0f8a8_jpg.rf.18dcdaaffe05310df526c1d9ac9405ac.jpg,416,416,moto,152.0,156.5,383.0,339.5
61940061f7f0f8a8_jpg.rf.18dcdaaffe05310df526c1d9ac9405ac.jpg,416,416,moto,21.0,204.5,345.0,414.5
5018711812d0dedc_jpg.rf.29bc461dffd7abe85c63611035c2e28b.jpg,416,416,carro,4.0,210.5,70.0,312.5
1743941515531.jpg,1500,722,moto,160.22727272727272,465.34090909090907,363.6363636363636,591.4772727272727
1743941515531.jpg,1500,722,moto,273.8636363636364,293.75,455.6818181818182,433.52272727272725
1743941515531.jpg,1500,722,carro,580.6818181818181,47.15909090909091,704.5454545454545,184.6590909090909
1743941515531.jpg,1500,722,carro,790.9090909090909,19.88636363636364,948.8636363636364,124.43181818181819
1743941515531.jpg,1500,722,carro,1048.8636363636363,259.65909090909093,1313.6363636363637,417.6136363636364
1743941515531.jpg,1500,722,carro,1363.6363636363637,288.0681818181818,1461.3636363636363,374.4318181818182
a24ece83e775a4de_jpg.rf.7Ouu0qNWaimlye6Dgtta.jpg,416,416,carro,107.0,44.5,311.0,238.5
94003454cbe9f9ca_jpg.rf.2d2731321c576ed27a263aedffc2a700.jpg,416,416,carro,96.0,230.5,156.0,299.5
94003454cbe9f9ca_jpg.rf.2d2731321c576ed27a263aedffc2a700.jpg,416,416,carro,76.0,212.5,106.0,257.5
b7ca8f95ad08cdda_jpg.rf.3751acce55be3b308e918cec95e3ac5e.jpg,416,416,carro,94.0,143.5,303.0,386.5
b3aa29cc695d8bed_jpg.rf.OFMbBOuzaGaWCLoBRIkw.jpg,416,416,carro,3.0,25.5,176.0,404.5
b5cd0b99c2f9bf15_jpg.rf.b20d8ff6435c5057b5a739a7ec596088.jpg,416,416,carro,86.0,11.5,328.0,299.5
b5cd0b99c2f9bf15_jpg.rf.b20d8ff6435c5057b5a739a7ec596088.jpg,416,416,carro,14.0,81.5,88.0,174.5
a427d2734cc7e939_jpg.rf.5d7c2cbb1becb5a06d277640d71b1580.jpg,416,416,carro,12.0,126.5,386.0,384.5
b3aa29cc695d8bed_jpg.rf.8cb112823e07ea8cfb21bf775cbcc0b0.jpg,416,416,carro,0.0,21.5,180.0,392.5
a24ece83e775a4de_jpg.rf.dd16ef79720d6fe039773d359e66afbd.jpg,416,416,carro,109.0,43.5,314.0,233.5
ac03aa25bc294ae9_jpg.rf.0f773287b32588769a58393dd72900fb.jpg,416,416,carro,29.0,195.5,62.0,241.5
ac03aa25bc294ae9_jpg.rf.0f773287b32588769a58393dd72900fb.jpg,416,416,carro,80.0,196.5,94.0,223.5
ac03aa25bc294ae9_jpg.rf.0f773287b32588769a58393dd72900fb.jpg,416,416,carro,354.0,185.5,399.0,218.5
ac03aa25bc294ae9_jpg.rf.0f773287b32588769a58393dd72900fb.jpg,416,416,carro,71.0,109.5,315.0,330.5
ac03aa25bc294ae9_jpg.rf.yhDIMFwNrWa52ylx6Z2I.jpg,416,416,carro,67.0,106.5,315.0,321.5
ac03aa25bc294ae9_jpg.rf.yhDIMFwNrWa52ylx6Z2I.jpg,416,416,carro,24.0,196.5,68.0,244.5
ac03aa25bc294ae9_jpg.rf.yhDIMFwNrWa52ylx6Z2I.jpg,416,416,carro,355.0,188.5,394.0,217.5
a427d2734cc7e939_jpg.rf.mew9bctJDZDUepI9WxXw.jpg,416,416,carro,29.0,129.5,376.0,388.5
a427d2734cc7e939_jpg.rf.mew9bctJDZDUepI9WxXw.jpg,416,416,carro,347.0,159.5,414.0,260.5
a427d2734cc7e939_jpg.rf.mew9bctJDZDUepI9WxXw.jpg,416,416,carro,377.0,123.5,416.0,160.5
a427d2734cc7e939_jpg.rf.mew9bctJDZDUepI9WxXw.jpg,416,416,carro,1.0,114.5,238.0,289.5
b7ca8f95ad08cdda_jpg.rf.S6zSOtEuKBgZ5xemd06l.jpg,416,416,carro,100.0,140.5,303.0,389.5
b39ce222d4077e92_jpg.rf.0e9b863de91b9f948aa839c3394d0602.jpg,416,416,carro,19.0,265.5,86.0,301.5
b39ce222d4077e92_jpg.rf.0e9b863de91b9f948aa839c3394d0602.jpg,416,416,carro,98.0,260.5,175.0,292.5
b39ce222d4077e92_jpg.rf.0e9b863de91b9f948aa839c3394d0602.jpg,416,416,carro,180.0,249.5,225.0,279.5
b39ce222d4077e92_jpg.rf.dG9MelQmthewmJnOGXBa.jpg,416,416,carro,99.0,264.5,178.0,293.5
b39ce222d4077e92_jpg.rf.dG9MelQmthewmJnOGXBa.jpg,416,416,carro,20.0,265.5,86.0,303.5
b39ce222d4077e92_jpg.rf.dG9MelQmthewmJnOGXBa.jpg,416,416,carro,181.0,250.5,222.0,278.5
bf5b9af373.jpg,615,461,moto,170.5,191.0,297.5,435.0
be613907a0a28d0a_jpg.rf.ZdCMQrygPhXUH6NPwbgD.jpg,416,416,carro,36.0,23.5,315.0,357.5
be613907a0a28d0a_jpg.rf.ZdCMQrygPhXUH6NPwbgD.jpg,416,416,carro,10.0,107.5,74.0,186.5
c4eeaa22024b4359_jpg.rf.Ly2CmF6i8onnqwfwX8Zn.jpg,416,416,carro,28.0,90.5,247.0,323.5
c4eeaa22024b4359_jpg.rf.Ly2CmF6i8onnqwfwX8Zn.jpg,416,416,carro,280.0,158.5,416.0,286.5
c4eeaa22024b4359_jpg.rf.Ly2CmF6i8onnqwfwX8Zn.jpg,416,416,carro,238.0,171.5,286.0,237.5
c4eeaa22024b4359_jpg.rf.ab895f04dfef661552c21225c2c1395b.jpg,416,416,carro,23.0,91.5,246.0,315.5
c4eeaa22024b4359_jpg.rf.ab895f04dfef661552c21225c2c1395b.jpg,416,416,carro,281.0,164.5,416.0,295.5
c4eeaa22024b4359_jpg.rf.ab895f04dfef661552c21225c2c1395b.jpg,416,416,carro,239.0,182.5,289.0,237.5
b22ad30e1b.jpg,1366,768,moto,907.5621212121212,496.20984848484846,1002.7681818181818,657.6462121212121
b22ad30e1b.jpg,1366,768,moto,726.4636363636364,434.1189393939394,752.3348484848484,457.92045454545456
b22ad30e1b.jpg,1366,768,moto,654.0242424242424,394.794696969697,662.3030303030303,411.3522727272727
Captura+de+pantalla+2025-05-29+155358.png,417,269,moto,132.5,117.0,326.5,240.0
Captura+de+pantalla+2025-05-29+155036.png,398,490,moto,8.0,7.5,199.0,103.5
Captura+de+pantalla+2025-05-29+155036.png,398,490,moto,210.0,5.5,395.0,102.5
Captura+de+pantalla+2025-05-29+155036.png,398,490,moto,8.0,119.5,201.0,229.5
Captura+de+pantalla+2025-05-29+155036.png,398,490,moto,208.0,114.5,392.0,231.5
Captura+de+pantalla+2025-05-29+155036.png,398,490,moto,7.0,249.5,195.0,358.5
Captura+de+pantalla+2025-05-29+155036.png,398,490,moto,205.0,265.5,397.0,350.5
Captura+de+pantalla+2025-05-29+155036.png,398,490,moto,8.0,371.5,196.0,473.5
Captura+de+pantalla+2025-05-29+155036.png,398,490,moto,211.0,376.5,389.0,477.5
Captura+de+pantalla+2025-05-29+155235.png,533,336,moto,4.5,185.5,71.5,265.5
Captura+de+pantalla+2025-05-29+155235.png,533,336,moto,55.5,192.5,103.5,274.5
Captura+de+pantalla+2025-05-29+155235.png,533,336,moto,113.5,207.5,258.5,288.5
Captura+de+pantalla+2025-05-29+155235.png,533,336,moto,241.5,198.5,362.5,296.5
Captura+de+pantalla+2025-05-29+155235.png,533,336,moto,335.5,186.5,512.5,316.5
Captura+de+pantalla+2025-05-29+155235.png,533,336,carro,118.5,7.5,522.5,224.5
Captura+de+pantalla+2025-05-29+161556.png,494,296,moto,265.0,73.5,436.0,254.5
Captura+de+pantalla+2025-05-29+161556.png,494,296,moto,19.0,92.5,243.0,272.5
c4054a8f2c.jpg,640,360,carro,92.0,0.0,552.0,159.5
c4054a8f2c.jpg,640,360,moto,243.0,166.5,505.0,324.5
Captura+de+pantalla+2025-05-29+154903.png,470,209,moto,0.0,0.0,107.0,87.0
Captura+de+pantalla+2025-05-29+154903.png,470,209,moto,107.0,7.0,210.0,91.0
Captura+de+pantalla+2025-05-29+154903.png,470,209,moto,211.0,4.0,355.0,90.0
Captura+de+pantalla+2025-05-29+154903.png,470,209,moto,358.0,0.0,470.0,91.0
Captura+de+pantalla+2025-05-29+154903.png,470,209,moto,351.0,89.0,468.0,199.0
Captura+de+pantalla+2025-05-29+154903.png,470,209,moto,153.0,103.0,354.0,207.0
Captura+de+pantalla+2025-05-29+154903.png,470,209,moto,4.0,97.0,147.0,206.0
c5ba7ff344079f18_jpg.rf.d0aef9c630ab5f2e4cd84e979942ac14.jpg,416,416,carro,164.0,204.5,394.0,376.5
Captura+de+pantalla+2025-05-29+155134.png,497,335,moto,152.5,62.0,340.5,310.0
Captura+de+pantalla+2025-05-29+155134.png,497,335,moto,368.5,97.0,484.5,249.0
Captura+de+pantalla+2025-05-29+155134.png,497,335,moto,323.5,155.0,374.5,252.0
Captura+de+pantalla+2025-05-29+155134.png,497,335,moto,157.5,173.0,223.5,270.0
Captura+de+pantalla+2025-05-29+155134.png,497,335,moto,7.5,136.0,151.5,287.0
c0861161466b93f266731946ed197ed9.jpg,997,866,moto,632.1689961880559,198.06861499364675,831.3379923761119,369.72808132147395
c0861161466b93f266731946ed197ed9.jpg,997,866,carro,265.7420584498094,18.706480304955534,419.7954256670902,107.83735705209656
c0861161466b93f266731946ed197ed9.jpg,997,866,carro,194.21728081321473,24.20838627700127,273.44472681067344,93.53240152477764
Captura+de+pantalla+2025-05-29+154955.png,555,309,moto,19.5,19.0,147.5,90.0
Captura+de+pantalla+2025-05-29+154955.png,555,309,moto,27.5,139.0,144.5,196.0
Captura+de+pantalla+2025-05-29+154955.png,555,309,moto,54.5,214.0,149.5,296.0
Captura+de+pantalla+2025-05-29+154955.png,555,309,moto,233.5,30.0,348.5,94.0
Captura+de+pantalla+2025-05-29+154955.png,555,309,moto,207.5,111.0,354.5,189.0
Captura+de+pantalla+2025-05-29+154955.png,555,309,moto,235.5,238.0,323.5,299.0
Captura+de+pantalla+2025-05-29+154955.png,555,309,moto,438.5,219.0,508.5,299.0
Captura+de+pantalla+2025-05-29+154955.png,555,309,moto,407.5,129.0,508.5,194.0
Captura+de+pantalla+2025-05-29+154955.png,555,309,moto,401.5,14.0,532.5,90.0
cbb99fc122.jpg,780,440,moto,343.0,62.5,775.0,433.5
cbb99fc122.jpg,780,440,moto,70.0,87.5,322.0,352.5
cbb99fc122.jpg,780,440,moto,309.0,5.5,399.0,51.5
cbb99fc122.jpg,780,440,moto,218.0,3.5,309.0,41.5
cbb99fc122.jpg,780,440,moto,115.0,10.5,164.0,47.5
ce14ea02e2b95819_jpg.rf.63dcdb5eac458bcd8ff1a84a672456c1.jpg,416,416,carro,35.0,54.5,399.0,406.5
cd6745ae4dc907c8_jpg.rf.SMXXKv6BqwwGMVqIOaqh.jpg,416,416,carro,7.0,97.5,374.0,328.5
cd06bf3b8dc15646_jpg.rf.br8CqYlyL8ghqiwZSWQA.jpg,416,416,carro,141.0,117.5,280.0,262.5
cc524d3712a736f1_jpg.rf.h9c3YK8ow9hqrJK7YcMO.jpg,416,416,carro,41.0,133.5,364.0,271.5
cd6745ae4dc907c8_jpg.rf.2c7d8d5333c9461391cf0f9eaf20ca2e.jpg,416,416,carro,5.0,95.5,374.0,340.5
ce14ea02e2b95819_jpg.rf.C4MzC1jLh7p2UKRbRBUS.jpg,416,416,carro,41.0,52.5,404.0,397.5
Captura+de+pantalla+2025-05-29+161939.png,503,265,moto,314.5,96.0,482.5,210.0
Captura+de+pantalla+2025-05-29+161939.png,503,265,moto,23.5,53.0,245.5,236.0
cc524d3712a736f1_jpg.rf.9a92918ec3feb186693c7e90d97666bb.jpg,416,416,carro,44.0,141.5,363.0,268.5
cf8db02eac.jpg,1080,853,moto,424.8742058449809,294.81067344345615,963.554002541296,765.2071156289708
d01c4bbb38.jpg,1000,650,moto,918.0,495.5,994.0,628.5
d01c4bbb38.jpg,1000,650,moto,551.0,403.5,633.0,513.5
d01c4bbb38.jpg,1000,650,carro,584.0,487.5,800.0,632.5
d01c4bbb38.jpg,1000,650,carro,691.0,439.5,893.0,594.5
d01c4bbb38.jpg,1000,650,carro,257.0,327.5,433.0,407.5
d01c4bbb38.jpg,1000,650,carro,266.0,405.5,471.0,482.5
d01c4bbb38.jpg,1000,650,carro,1.0,280.5,185.0,575.5
d01c4bbb38.jpg,1000,650,carro,190.0,310.5,269.0,402.5
d01c4bbb38.jpg,1000,650,carro,344.0,286.5,457.0,365.5
d01c4bbb38.jpg,1000,650,carro,436.0,223.5,525.0,283.5
d01c4bbb38.jpg,1000,650,carro,472.0,289.5,596.0,397.5
d01c4bbb38.jpg,1000,650,carro,557.0,228.5,640.0,294.5
d01c4bbb38.jpg,1000,650,carro,658.0,291.5,758.0,362.5
d01c4bbb38.jpg,1000,650,carro,736.0,311.5,947.0,404.5
d9f305c713b2dadb_jpg.rf.b948327952ccd9518269f9da24cab4b6.jpg,416,416,moto,133.0,158.5,261.0,304.5
d82a9b0d237900a7_jpg.rf.7272063ca6ddd739b84a579850a24fbc.jpg,416,416,carro,4.0,165.5,249.0,410.5
d82a9b0d237900a7_jpg.rf.7272063ca6ddd739b84a579850a24fbc.jpg,416,416,carro,6.0,81.5,316.0,253.5
d82a9b0d237900a7_jpg.rf.7272063ca6ddd739b84a579850a24fbc.jpg,416,416,carro,5.0,48.5,403.0,163.5
d82a9b0d237900a7_jpg.rf.7272063ca6ddd739b84a579850a24fbc.jpg,416,416,carro,17.0,4.5,408.0,117.5
d9f305c713b2dadb_jpg.rf.dNgU77NzBkEeoushM4bo.jpg,416,416,moto,131.0,157.5,261.0,302.5
d330b27e8b7e1603_jpg.rf.39afcc8d19f766c7778663572e05416a.jpg,416,416,carro,125.0,93.5,270.0,287.5
d82a9b0d237900a7_jpg.rf.MBwOTXuWzt1Kb2j42Sws.jpg,416,416,carro,5.0,167.5,255.0,416.0
d82a9b0d237900a7_jpg.rf.MBwOTXuWzt1Kb2j42Sws.jpg,416,416,carro,0.0,67.5,310.0,245.5
d82a9b0d237900a7_jpg.rf.MBwOTXuWzt1Kb2j42Sws.jpg,416,416,carro,7.0,45.5,398.0,159.5
d82a9b0d237900a7_jpg.rf.MBwOTXuWzt1Kb2j42Sws.jpg,416,416,carro,38.0,4.5,411.0,107.5
d25391d708f337ce_jpg.rf.866adf256e8a7d959dd8d33729f707b9.jpg,416,416,carro,317.0,260.5,404.0,317.5
d25391d708f337ce_jpg.rf.866adf256e8a7d959dd8d33729f707b9.jpg,416,416,carro,0.0,244.5,34.0,331.5
d25391d708f337ce_jpg.rf.866adf256e8a7d959dd8d33729f707b9.jpg,416,416,carro,27.0,274.5,58.0,320.5
d25391d708f337ce_jpg.rf.ImHV4MGI4p7qucygMcdj.jpg,416,416,carro,31.0,280.5,54.0,317.5
d25391d708f337ce_jpg.rf.ImHV4MGI4p7qucygMcdj.jpg,416,416,carro,0.0,239.5,27.0,330.5
d25391d708f337ce_jpg.rf.ImHV4MGI4p7qucygMcdj.jpg,416,416,carro,321.0,261.5,395.0,309.5
depositp.jpg,1600,1406,moto,57.16899618805591,83.96696315120711,460.92503176620073,419.83481575603554
depositp.jpg,1600,1406,moto,550.2515883100381,133.98983481575604,1000.4574332909783,396.6099110546378
depositp.jpg,1600,1406,moto,1118.3684879288437,137.56289707750952,1561.428208386277,389.46378653113084
depositp.jpg,1600,1406,moto,33.944091486658195,539.5324015247776,562.7573062261753,803.9390088945362
depositp.jpg,1600,1406,moto,557.397712833545,553.8246505717916,1064.7725540025413,821.8043202033036
depositp.jpg,1600,1406,moto,1107.6493011435832,535.9593392630242,1590.0127064803048,812.87166454892
depositp.jpg,1600,1406,moto,28.584498094027953,993.3113087674714,493.0825921219822,1255.9313850063531
depositp.jpg,1600,1406,moto,516.3074968233799,986.1651842439644,1036.1880559085132,1275.5832274459974
depositp.jpg,1600,1406,moto,1052.266836086404,987.9517153748411,1581.080050825921,1275.5832274459974
da73fa913610a8af_jpg.rf.6181575fc32ddcaaf681e116a9f87059.jpg,416,416,moto,18.0,99.5,384.0,412.5
da73fa913610a8af_jpg.rf.mCty1w7nDTKvZe2Xa65t.jpg,416,416,moto,23.0,121.5,377.0,405.5
descarga.jpg,432,242,moto,75.0,91.5,280.0,225.5
dfb39f1fac5cf808_jpg.rf.1Tppe0nEW0DwHxeoZyRC.jpg,416,416,carro,71.0,87.5,381.0,378.5
descarga+%281%29.jpg,1200,950,moto,793.0749682337993,529.9237611181703,1005.5273189326557,771.3468869123253
descarga+%281%29.jpg,1200,950,moto,504.574332909784,715.8195679796696,702.5412960609912,946.3786531130877
descarga+%281%29.jpg,1200,950,moto,216.07369758576874,584.2439644218551,366.96315120711563,876.3659466327828
descarga+%281%29.jpg,1200,950,moto,522.6810673443456,418.86912325285897,672.3634053367217,648.2210927573062
descarga+%281%29.jpg,1200,950,moto,253.49428208386277,417.6620076238882,527.5095298602287,618.0432020330369
descarga+%281%29.jpg,1200,950,moto,386.27700127064804,109.84752223634052,654.2566709021601,257.1156289707751
descarga+%281%29.jpg,1200,950,moto,327.12833545108003,217.2808132147395,499.7458703939009,400.7623888182973
descarga+%281%29.jpg,1200,950,moto,1004.3202033036849,18.106734434561627,1190.2160101651843,133.98983481575604
descarga+%281%29.jpg,1200,950,moto,726.6836086404066,0.0,952.4142312579415,120.71156289707751
descarga+%281%29.jpg,1200,950,moto,216.07369758576874,3.6213468869123204,406.7979669631512,92.94790343074968
descarga+%281%29.jpg,1200,950,moto,158.13214739517153,428.5260482846252,269.18678526048285,583.0368487928844
e46a1707296e5434_jpg.rf.720ca33720ad650b9a13649acdf517cd.jpg,416,416,moto,95.0,171.5,291.0,362.5
e46a1707296e5434_jpg.rf.720ca33720ad650b9a13649acdf517cd.jpg,416,416,carro,300.0,125.5,393.0,215.5
e46a1707296e5434_jpg.rf.720ca33720ad650b9a13649acdf517cd.jpg,416,416,carro,260.0,122.5,308.0,179.5
e46a1707296e5434_jpg.rf.720ca33720ad650b9a13649acdf517cd.jpg,416,416,moto,238.0,133.5,262.0,187.5
e6fc8c3669e7c657_jpg.rf.0cc9fcb5fe2ef6bca58a2e51b0ab205b.jpg,416,416,carro,320.0,210.5,416.0,337.5
e6fc8c3669e7c657_jpg.rf.0cc9fcb5fe2ef6bca58a2e51b0ab205b.jpg,416,416,carro,19.0,247.5,86.0,287.5
e46a1707296e5434_jpg.rf.7sY10MerI5pFbeYn6szR.jpg,416,416,moto,87.0,192.5,285.0,356.5
e46a1707296e5434_jpg.rf.7sY10MerI5pFbeYn6szR.jpg,416,416,carro,300.0,128.5,398.0,207.5
e46a1707296e5434_jpg.rf.7sY10MerI5pFbeYn6szR.jpg,416,416,carro,258.0,120.5,306.0,180.5
e46a1707296e5434_jpg.rf.7sY10MerI5pFbeYn6szR.jpg,416,416,moto,243.0,134.5,261.0,189.5
e21f6c245f34ddb6_jpg.rf.2f825c0d21bd4c563e3d6970ea203483.jpg,416,416,carro,43.0,88.5,359.0,341.5
e21f6c245f34ddb6_jpg.rf.2f825c0d21bd4c563e3d6970ea203483.jpg,416,416,carro,338.0,61.5,414.0,241.5
e6fc8c3669e7c657_jpg.rf.nJvS0vFjNd1EkX64Kp4q.jpg,416,416,carro,319.0,211.5,412.0,339.5
e6fc8c3669e7c657_jpg.rf.nJvS0vFjNd1EkX64Kp4q.jpg,416,416,carro,19.0,240.5,76.0,289.5
e5d043adafd7a29f_jpg.rf.wXD1E4AaKEq9Lc7UUBdy.jpg,416,416,carro,78.0,315.5,189.0,395.5
e5d043adafd7a29f_jpg.rf.wXD1E4AaKEq9Lc7UUBdy.jpg,416,416,carro,4.0,308.5,67.0,374.5
e22a1fc8c5.jpg,1240,561,carro,308.0,152.0,891.0,461.0
e22a1fc8c5.jpg,1240,561,carro,955.0,289.0,994.0,327.0
e21f6c245f34ddb6_jpg.rf.87tAVt69EXlWXHMS6B4x.jpg,416,416,carro,33.0,65.5,358.0,347.5
e21f6c245f34ddb6_jpg.rf.87tAVt69EXlWXHMS6B4x.jpg,416,416,carro,356.0,61.5,414.0,240.5
dfb39f1fac5cf808_jpg.rf.da2b4c31b60e65a30bfd7f7e18607bf1.jpg,416,416,carro,78.0,89.5,388.0,381.5
e5d043adafd7a29f_jpg.rf.f60aba47321aba82fcbae264c121b6b2.jpg,416,416,carro,76.0,315.5,199.0,393.5
e5d043adafd7a29f_jpg.rf.f60aba47321aba82fcbae264c121b6b2.jpg,416,416,carro,6.0,309.5,73.0,380.5
e2389bfbb663fc99_jpg.rf.GlYkFjcE2H5vLjVHX4FF.jpg,416,416,carro,23.0,19.5,409.0,401.5
e2389bfbb663fc99_jpg.rf.GlYkFjcE2H5vLjVHX4FF.jpg,416,416,carro,1.0,14.5,175.0,132.5
ea8ce9da21.jpg,328,418,moto,44.0,157.5,298.0,367.5
eb8054a03e86ba71_jpg.rf.13af8fe475a1b59d4a87f9a68d90fb5e.jpg,416,416,moto,1.0,152.5,318.0,416.0
e667067350c180f2_jpg.rf.5ExUN8GBbQqrenIik8rv.jpg,416,416,carro,20.0,25.5,357.0,368.5
e667067350c180f2_jpg.rf.5ExUN8GBbQqrenIik8rv.jpg,416,416,carro,355.0,102.5,413.0,263.5
f0f3c1c5237b0b1e_jpg.rf.de1374742842102bf3cde8eb3c32392b.jpg,416,416,carro,100.0,160.5,394.0,300.5
f0f3c1c5237b0b1e_jpg.rf.de1374742842102bf3cde8eb3c32392b.jpg,416,416,carro,20.0,178.5,113.0,294.5
e4927496c4.jpg,600,418,moto,380.0,256.5,504.0,365.5
e4927496c4.jpg,600,418,moto,265.0,250.5,289.0,283.5
eb8054a03e86ba71_jpg.rf.ijvrEHArAZuYiPmwP3Vc.jpg,416,416,moto,2.0,144.5,309.0,416.0
fe64277a355adbc1_jpg.rf.fabff45c8703e6fb44aeca38ef50ea26.jpg,416,416,carro,357.0,161.5,415.0,232.5
fe64277a355adbc1_jpg.rf.fabff45c8703e6fb44aeca38ef50ea26.jpg,416,416,carro,124.0,126.5,295.0,238.5
fe64277a355adbc1_jpg.rf.fabff45c8703e6fb44aeca38ef50ea26.jpg,416,416,carro,2.0,182.5,39.0,221.5
fe64277a355adbc1_jpg.rf.fabff45c8703e6fb44aeca38ef50ea26.jpg,416,416,carro,338.0,159.5,365.0,186.5
fe64277a355adbc1_jpg.rf.fabff45c8703e6fb44aeca38ef50ea26.jpg,416,416,carro,296.0,172.5,315.0,194.5
fe64277a355adbc1_jpg.rf.fabff45c8703e6fb44aeca38ef50ea26.jpg,416,416,carro,97.0,180.5,137.0,218.5
f74248c57f.jpg,960,640,moto,348.0,382.5,383.0,438.5
f74248c57f.jpg,960,640,moto,417.0,369.5,446.0,413.5
f8a2cc7848.jpg,450,363,moto,28.0,204.0,395.0,357.0
family-r.jpg,1300,966,moto,368.2337992376112,335.0927573062262,997.9135959339264,751.1969504447268
fa70802247a2d4a9_jpg.rf.8vq750T8yM0fzONLuEt8.jpg,416,416,carro,70.0,298.5,265.0,373.5
fa70802247a2d4a9_jpg.rf.fff2ac4f303eb03bb141a27ac56360b8.jpg,416,416,carro,69.0,292.5,269.0,376.5
fe64277a355adbc1_jpg.rf.9Xsenxwfua0mv9BbVflQ.jpg,416,416,carro,127.0,125.5,301.0,241.5
fe64277a355adbc1_jpg.rf.9Xsenxwfua0mv9BbVflQ.jpg,416,416,carro,357.0,177.5,411.0,226.5
fe64277a355adbc1_jpg.rf.9Xsenxwfua0mv9BbVflQ.jpg,416,416,carro,343.0,163.5,362.0,182.5
fe64277a355adbc1_jpg.rf.9Xsenxwfua0mv9BbVflQ.jpg,416,416,carro,296.0,170.5,316.0,191.5
fe64277a355adbc1_jpg.rf.9Xsenxwfua0mv9BbVflQ.jpg,416,416,carro,2.0,190.5,42.0,217.5
fe64277a355adbc1_jpg.rf.9Xsenxwfua0mv9BbVflQ.jpg,416,416,carro,97.0,181.5,127.0,215.5
fac8fc1b78aad66c_jpg.rf.A0Ru6vIOfdICEcK9z33j.jpg,416,416,carro,4.0,74.5,344.0,345.5
fc15988c9a.jpg,1300,953,moto,46.01524777636598,454.0978398983482,847.6493011435832,854.9148665819569
images+%283%29.jpg,301,167,carro,166.5,15.0,297.5,67.0
images+%283%29.jpg,301,167,carro,208.5,34.0,293.5,87.0
images+%283%29.jpg,301,167,carro,0.0,80.0,31.5,105.0
images+%283%29.jpg,301,167,carro,4.5,110.0,31.5,158.0
images+%283%29.jpg,301,167,carro,276.5,63.0,301.0,88.0
images.jpg,194,259,carro,26.0,103.0,100.0,197.0
images.jpg,194,259,moto,103.0,113.0,179.0,161.0
images.jpg,194,259,moto,82.0,81.0,99.0,97.0
images.jpg,194,259,moto,85.0,51.0,104.0,71.0
images+%281%29.jpg,300,168,moto,83.0,94.5,159.0,148.5
isabela_carrari_7924.jpg,927,618,moto,670.5,341.5,841.5,513.5
isabela_carrari_7924.jpg,927,618,moto,490.5,329.5,690.5,499.5
isabela_carrari_7924.jpg,927,618,moto,381.5,353.5,515.5,500.5
isabela_carrari_7924.jpg,927,618,moto,245.5,317.5,392.5,483.5
isabela_carrari_7924.jpg,927,618,moto,56.5,363.5,262.5,497.5
images+%282%29.jpg,259,194,moto,94.5,50.5,163.5,121.5
images+%284%29.jpg,194,259,carro,86.0,110.0,151.0,164.0
images+%284%29.jpg,194,259,carro,109.0,50.0,190.0,92.0
images+%284%29.jpg,194,259,moto,31.0,111.0,92.0,138.0
images+%285%29.jpg,249,202,moto,127.60210531439594,43.64682095903681,166.092000129803,79.79385261176694
images+%285%29.jpg,249,202,moto,71.37338941014909,105.56534740121342,109.1938947505056,182.2104422945023
images+%285%29.jpg,249,202,moto,139.651115865306,121.29600006490152,176.1328422555614,200.9533475959179
hq720.jpg,686,386,carro,311.0,32.5,644.0,180.5
hqdefault.jpg,480,360,moto,12.0,145.5,102.0,256.5
hqdefault.jpg,480,360,moto,93.0,154.5,152.0,264.5
hqdefault.jpg,480,360,moto,149.0,167.5,232.0,292.5
hqdefault.jpg,480,360,moto,249.0,168.5,327.0,299.5
hqdefault.jpg,480,360,moto,335.0,159.5,389.0,281.5
hqdefault.jpg,480,360,moto,391.0,153.5,465.0,266.5
il_340x270.3131628141_dm9b.jpg,340,270,moto,3.0,0.5,109.0,71.5
il_340x270.3131628141_dm9b.jpg,340,270,moto,131.0,6.5,213.0,76.5
il_340x270.3131628141_dm9b.jpg,340,270,moto,238.0,0.0,339.0,82.5
il_340x270.3131628141_dm9b.jpg,340,270,moto,239.0,90.5,332.0,163.5
il_340x270.3131628141_dm9b.jpg,340,270,moto,121.0,114.5,218.0,169.5
il_340x270.3131628141_dm9b.jpg,340,270,moto,5.0,83.5,107.0,169.5
il_340x270.3131628141_dm9b.jpg,340,270,moto,0.0,182.5,113.0,270.0
il_340x270.3131628141_dm9b.jpg,340,270,moto,128.0,192.5,223.0,269.5
il_340x270.3131628141_dm9b.jpg,340,270,moto,242.0,179.5,333.0,263.5
maxresdefault.jpg,1280,720,moto,792.0,265.5,1096.0,439.5
maxresdefault.jpg,1280,720,moto,873.0,516.5,1164.0,707.5
maxresdefault.jpg,1280,720,moto,773.0,220.5,1083.0,326.5
maxresdefault.jpg,1280,720,moto,761.0,80.5,894.0,159.5
maxresdefault.jpg,1280,720,moto,757.0,43.5,904.0,82.5
scooters-gcf1e5a673_640.jpg,640,426,moto,120.0,161.5,312.0,256.5
scooters-gcf1e5a673_640.jpg,640,426,moto,266.0,140.5,369.0,227.5
scooters-gcf1e5a673_640.jpg,640,426,moto,377.0,123.5,510.0,194.5
scooters-gcf1e5a673_640.jpg,640,426,moto,528.0,171.5,634.0,273.5
images+%286%29.jpg,310,163,carro,21.0,47.0,59.0,81.0
images+%286%29.jpg,310,163,carro,79.0,1.0,150.0,78.0
images+%286%29.jpg,310,163,carro,118.0,18.0,235.0,144.0
images+%286%29.jpg,310,163,moto,176.0,60.0,233.0,148.0
moto.jpg,1300,955,moto,436.84879288437105,395.59085133418046,734.148665819568,822.7318932655654
moto.jpg,1300,955,moto,718.3735705209657,291.2325285895807,878.5514612452351,536.3532401524778
moto.jpg,1300,955,moto,902.8208386277001,239.05336721728082,1015.6734434561627,405.2986022871665
moto.jpg,1300,955,moto,1180.705209656925,252.4015247776366,1295.9847522236341,468.3989834815756
moto.jpg,1300,955,moto,987.7636594663279,209.93011435832275,1054.5044472681068,308.2210927573062
moto.jpg,1300,955,carro,276.67090216010166,145.61626429479034,632.2172808132148,442.91613722998727
moto.jpg,1300,955,carro,709.8792884371029,180.8068614993647,878.5514612452351,316.715374841169
moto.jpg,1300,955,carro,0.0,220.85133418043202,239.05336721728082,421.07369758576874
whatsapp_image_2022-09-09_at_4.10.18_pm.jpg,770,430,carro,130.0,159.5,353.0,274.5
whatsapp_image_2022-09-09_at_4.10.18_pm.jpg,770,430,moto,295.0,202.5,420.0,303.5
whatsapp_image_2022-09-09_at_4.10.18_pm.jpg,770,430,carro,559.0,121.5,763.0,309.5
whatsapp_image_2022-09-09_at_4.10.18_pm.jpg,770,430,carro,544.0,101.5,633.0,157.5
whatsapp_image_2022-09-09_at_4.10.18_pm.jpg,770,430,carro,615.0,81.5,705.0,133.5
whatsapp_image_2022-09-09_at_4.10.18_pm.jpg,770,430,carro,722.0,86.5,766.0,121.5
puebla-motociclistas-chocan-en-bulevar-18-de-noviembre-085710.jpg,1200,675,moto,762.0,345.0,941.0,488.0
puebla-motociclistas-chocan-en-bulevar-18-de-noviembre-085710.jpg,1200,675,moto,664.0,345.0,766.0,528.0
motorcycle-traffic-during-rush-hour-in-hua-hin-this-is-an-old-fishing-village-that-became-one-of-the-most-popular-travel-destinations-in-thailand-2HTA1CJ.jpg,1300,955,moto,1001.1118170266836,444.12960609911056,1234.0978398983482,779.0470139771284
motorcycle-traffic-during-rush-hour-in-hua-hin-this-is-an-old-fishing-village-that-became-one-of-the-most-popular-travel-destinations-in-thailand-2HTA1CJ.jpg,1300,955,moto,897.9669631512071,497.5222363405337,1012.0330368487929,718.3735705209657
motorcycle-traffic-during-rush-hour-in-hua-hin-this-is-an-old-fishing-village-that-became-one-of-the-most-popular-travel-destinations-in-thailand-2HTA1CJ.jpg,1300,955,moto,681.9695044472682,419.8602287166455,928.3036848792884,796.035578144854
motorcycle-traffic-during-rush-hour-in-hua-hin-this-is-an-old-fishing-village-that-became-one-of-the-most-popular-travel-destinations-in-thailand-2HTA1CJ.jpg,1300,955,moto,459.90470139771287,416.21982210927575,702.5984752223634,810.597204574333
motorcycle-traffic-during-rush-hour-in-hua-hin-this-is-an-old-fishing-village-that-became-one-of-the-most-popular-travel-destinations-in-thailand-2HTA1CJ.jpg,1300,955,moto,253.61499364675987,459.90470139771287,455.0508259212198,779.0470139771284
motorcycle-traffic-during-rush-hour-in-hua-hin-this-is-an-old-fishing-village-that-became-one-of-the-most-popular-travel-destinations-in-thailand-2HTA1CJ.jpg,1300,955,moto,132.26810673443455,417.433290978399,281.52477763659465,730.5082592121983
motorcycle-traffic-during-rush-hour-in-hua-hin-this-is-an-old-fishing-village-that-became-one-of-the-most-popular-travel-destinations-in-thailand-2HTA1CJ.jpg,1300,955,carro,990.1905972045744,349.4790343074968,1298.4116899618807,637.0711562897078
motorcycle-traffic-during-rush-hour-in-hua-hin-this-is-an-old-fishing-village-that-became-one-of-the-most-popular-travel-destinations-in-thailand-2HTA1CJ.jpg,1300,955,carro,348.2655654383736,377.3888182973316,594.5997458703939,629.7903430749683
sddefault.jpg,640,480,moto,114.0,122.5,306.0,227.5
sddefault.jpg,640,480,moto,8.0,125.5,112.0,224.5
Ni-siquiera.jpg,1280,640,moto,757.0,163.5,1098.0,511.5
Ni-siquiera.jpg,1280,640,moto,629.0,276.5,1035.0,640.0
parrillero_3_0.jpg,1200,675,moto,222.0,160.0,1144.0,668.0
parrillero_3_0.jpg,1200,675,moto,821.0,230.0,1197.0,495.0
RJ22XRZOEZBHRH2TQU4JNTYCE4.jpg,900,600,moto,128.0,275.5,527.0,466.5
RJ22XRZOEZBHRH2TQU4JNTYCE4.jpg,900,600,moto,447.0,193.5,719.0,375.5
Captura+de+pantalla+2025-05-29+185109.png,506,253,moto,398.0,96.0,495.0,250.0
Captura+de+pantalla+2025-05-29+185109.png,506,253,moto,277.0,92.0,365.0,201.0
Captura+de+pantalla+2025-05-29+185109.png,506,253,moto,161.0,90.0,250.0,206.0
Captura+de+pantalla+2025-05-29+185109.png,506,253,moto,10.0,110.0,131.0,247.0
Captura+de+pantalla+2025-05-29+185109.png,506,253,moto,242.0,75.0,288.0,163.0
Captura+de+pantalla+2025-05-29+185109.png,506,253,carro,94.0,22.0,150.0,94.0
56ccee3ee2ce7.jpg,1140,469,moto,245.0,163.0,731.0,450.0
56ccee3ee2ce7.jpg,1140,469,moto,692.0,209.0,997.0,420.0
56ccee3ee2ce7.jpg,1140,469,moto,142.0,122.0,356.0,401.0
Motociclistas-542x407.jpg,542,407,moto,244.0,228.0,341.0,404.0
Motociclistas-542x407.jpg,542,407,moto,180.0,228.0,246.0,370.0
Motociclistas-542x407.jpg,542,407,moto,68.0,215.0,131.0,310.0
Motociclistas-542x407.jpg,542,407,moto,131.0,186.0,179.0,277.0
Motociclistas-542x407.jpg,542,407,moto,328.0,209.0,405.0,346.0
Motociclistas-542x407.jpg,542,407,moto,433.0,202.0,483.0,305.0
Motociclistas-542x407.jpg,542,407,moto,484.0,237.0,494.0,305.0
Motociclistas-542x407.jpg,542,407,moto,491.0,223.0,542.0,383.0
Motociclistas-542x407.jpg,542,407,moto,91.0,141.0,124.0,170.0
Motociclistas-542x407.jpg,542,407,moto,148.0,113.0,173.0,152.0
Motociclistas-542x407.jpg,542,407,moto,434.0,102.0,457.0,150.0
Motociclistas-542x407.jpg,542,407,moto,480.0,90.0,520.0,147.0
Motociclistas-542x407.jpg,542,407,moto,275.0,100.0,300.0,133.0
Motociclistas-542x407.jpg,542,407,moto,305.0,95.0,335.0,133.0
Motociclistas-542x407.jpg,542,407,moto,323.0,39.0,343.0,75.0
Motociclistas-542x407.jpg,542,407,moto,1.0,228.0,115.0,375.0
Motociclistas-542x407.jpg,542,407,moto,32.0,151.0,79.0,215.0
motos-restringidas.jpg,1400,800,moto,470.90909090909093,441.21212121212125,811.3636363636364,768.939393939394
motos-restringidas.jpg,1400,800,moto,13.78787878787881,381.8181818181818,296.969696969697,571.6666666666666
motos-restringidas.jpg,1400,800,moto,360.6060606060606,301.21212121212125,474.0909090909091,474.0909090909091
motos-restringidas.jpg,1400,800,moto,469.8484848484849,319.24242424242425,635.3030303030304,466.6666666666667
motos-restringidas.jpg,1400,800,moto,771.0606060606061,335.1515151515152,876.0606060606061,453.93939393939394
motos-restringidas.jpg,1400,800,moto,875.0,333.03030303030306,995.9090909090909,520.7575757575758
motos-restringidas.jpg,1400,800,moto,1042.5757575757575,373.3333333333333,1190.0,620.4545454545455
motos-restringidas.jpg,1400,800,moto,1010.7575757575758,300.1515151515152,1087.1212121212122,450.75757575757575
motos-restringidas.jpg,1400,800,moto,659.6969696969697,243.93939393939394,693.6363636363636,328.7878787878788
motos-restringidas.jpg,1400,800,moto,1241.969696969697,320.3030303030303,1328.939393939394,476.21212121212125
motos-restringidas.jpg,1400,800,moto,1182.5757575757575,306.5151515151515,1244.090909090909,396.6666666666667
motos-restringidas.jpg,1400,800,moto,1352.2727272727273,323.4848484848485,1395.7575757575758,441.21212121212125
motos-restringidas.jpg,1400,800,moto,998.030303030303,266.2121212121212,1059.5454545454545,335.1515151515152
motos-restringidas.jpg,1400,800,carro,718.030303030303,237.5757575757576,848.4848484848485,296.969696969697
motos-restringidas.jpg,1400,800,carro,978.939393939394,236.51515151515153,1059.5454545454545,289.54545454545456
motos-restringidas.jpg,1400,800,carro,1074.3939393939395,237.5757575757576,1153.939393939394,268.3333333333333
motos-restringidas.jpg,1400,800,moto,1283.3333333333333,274.6969696969697,1316.2121212121212,319.24242424242425
motos-restringidas.jpg,1400,800,moto,1146.5151515151515,280.0,1193.1818181818182,335.1515151515152
motos-restringidas.jpg,1400,800,moto,1327.878787878788,301.21212121212125,1371.3636363636365,383.93939393939394
motos-restringidas.jpg,1400,800,moto,1328.939393939394,265.1515151515152,1367.1212121212122,306.5151515151515
Texto-principal-600x400.jpg,600,400,moto,144.0,179.5,315.0,395.5
Texto-principal-600x400.jpg,600,400,moto,281.0,129.5,392.0,255.5
Texto-principal-600x400.jpg,600,400,moto,402.0,182.5,589.0,338.5
Texto-principal-600x400.jpg,600,400,moto,102.0,122.5,165.0,244.5
Texto-principal-600x400.jpg,600,400,moto,41.0,78.5,68.0,132.5
Texto-principal-600x400.jpg,600,400,moto,247.0,92.5,301.0,147.5
Texto-principal-600x400.jpg,600,400,moto,218.0,121.5,264.0,193.5
Texto-principal-600x400.jpg,600,400,moto,154.0,65.5,195.0,112.5
MQAJQ7KJ25ACXC4PQNA55MKWFE.jpg,400,400,moto,63.0,150.5,233.0,362.5
MQAJQ7KJ25ACXC4PQNA55MKWFE.jpg,400,400,moto,270.0,139.5,372.0,283.5
MQAJQ7KJ25ACXC4PQNA55MKWFE.jpg,400,400,moto,69.0,135.5,129.0,256.5
MQAJQ7KJ25ACXC4PQNA55MKWFE.jpg,400,400,moto,1.0,163.5,85.0,272.5
motocarro1_1.jpg,1469,921,moto,325.33418043202033,148.62388818297333,523.1092757306227,355.76111817026685
motocarro1_1.jpg,1469,921,moto,104.15374841168997,335.866581956798,275.012706480305,590.9847522236341
motocarro1_1.jpg,1469,921,moto,5.851334180432021,582.7928843710292,200.1156289707751,910.4675984752224
motocarro1_1.jpg,1469,921,moto,325.33418043202033,486.83100381194413,524.2795425667091,853.1245235069887
motocarro1_1.jpg,1469,921,moto,686.9466327827192,296.07750952986027,848.443456162643,543.0038119440916
motocarro1_1.jpg,1469,921,moto,813.3354510800509,57.3430749682338,981.853875476493,331.1855146124524
motocarro1_1.jpg,1469,921,moto,1014.6213468869124,244.58576874205846,1164.4155019059722,516.0876747141042
motocarro1_1.jpg,1469,921,moto,867.1677255400255,461.08513341804326,1091.858958068615,753.6518424396443
motocarro1_1.jpg,1469,921,moto,1066.1130876747143,605.0279542566709,1307.1880559085134,908.1270648030496
motocarro1_1.jpg,1469,921,moto,1226.4396442185516,359.27191867852605,1431.2363405336723,665.881829733164
motocarro1_1.jpg,1469,921,moto,1184.310038119441,100.64294790343075,1390.277001270648,322.99364675984754
motocarro1_1.jpg,1469,921,moto,633.1143583227447,685.7763659466328,856.6353240152479,892.9135959339263
